sampler_label,aggregate_report_count,average,aggregate_report_min,aggregate_report_max,aggregate_report_90%_line,aggregate_report_stddev,aggregate_report_error%,aggregate_report_rate,aggregate_report_bandwidth,average_bytes
Load Test,12850,418,2,6308,927,400.4347487408481,0.8090272373540855,176.43343585237258,426.6105075293141,2475.9998443579766
TOTAL,12850,418,2,6308,927,400.4347487408481,0.8090272373540855,176.43343585237258,426.6105075293141,2475.9998443579766
